,route,depature,error
0,B->C->E,1900-01-01 13:17:00,2.7165770262764113
1,A->C->E,1900-01-01 07:07:00,2.8203843654424077
2,A->C->E,1900-01-01 07:59:00,4.273099708414023
3,B->C->E,1900-01-01 14:21:00,1.2417243204720307
4,B->C->D,1900-01-01 10:09:00,2.1878512936103647
5,B->C->D,1900-01-01 07:44:00,1.2596490808195142
6,B->C->E,1900-01-01 13:44:00,0.9718910238070322
7,B->C->D,1900-01-01 09:11:00,0.7634108391351617
8,A->C->E,1900-01-01 08:19:00,3.6909448785642667
9,A->C->E,1900-01-01 09:05:00,4.608247428614362
10,B->C->D,1900-01-01 11:54:00,6.46279297433054
11,B->C->D,1900-01-01 11:24:00,0.3158635620293353
12,B->C->D,1900-01-01 11:24:00,1.6841364379706647
13,B->C->D,1900-01-01 12:14:00,0.6077347141452023
14,B->C->D,1900-01-01 09:02:00,4.740788584381036
15,A->C->D,1900-01-01 16:51:00,1.7680968276262945
16,B->C->E,1900-01-01 12:57:00,5.1825600691851434
17,A->C->E,1900-01-01 12:07:00,2.281053170116863
18,B->C->E,1900-01-01 07:50:00,3.124063667701847
19,A->C->D,1900-01-01 15:04:00,1.5175209685847761
20,A->C->E,1900-01-01 16:55:00,8.236704777395659
21,A->C->D,1900-01-01 08:06:00,11.875441417873347
22,B->C->D,1900-01-01 13:02:00,0.5943117814842083
23,B->C->D,1900-01-01 08:37:00,6.696414113912837
24,B->C->D,1900-01-01 16:25:00,2.735792599271889
25,A->C->E,1900-01-01 15:06:00,1.9592522235726193
26,A->C->D,1900-01-01 12:35:00,9.683562254352509
27,B->C->D,1900-01-01 09:56:00,2.1644851575833997
28,B->C->D,1900-01-01 13:40:00,4.7825525888457605
29,B->C->D,1900-01-01 12:25:00,12.289391110743267
30,A->C->E,1900-01-01 07:47:00,0.7484735393990007
31,A->C->E,1900-01-01 12:46:00,4.789059885275464
32,B->C->D,1900-01-01 16:29:00,3.952668168046017
33,B->C->E,1900-01-01 10:20:00,1.2354456279691277
34,B->C->D,1900-01-01 11:39:00,0.1940002500315927
35,A->C->E,1900-01-01 15:31:00,7.914307957295492
36,B->C->E,1900-01-01 13:17:00,3.7165770262764113
37,B->C->E,1900-01-01 15:55:00,0.14612094379793916
38,B->C->D,1900-01-01 13:21:00,10.82105665965193
39,A->C->E,1900-01-01 15:31:00,6.085692042704508
40,A->C->E,1900-01-01 07:16:00,2.80420442958264
41,B->C->E,1900-01-01 15:29:00,5.153872785751332
42,A->C->D,1900-01-01 09:41:00,12.32460074849952
43,A->C->D,1900-01-01 16:10:00,6.242166774426991
44,B->C->E,1900-01-01 12:26:00,1.8248752377994464
45,B->C->D,1900-01-01 15:48:00,0.7612128158266387
46,A->C->D,1900-01-01 14:54:00,2.1448290942173145
47,B->C->E,1900-01-01 09:27:00,0.8497761428193655
48,B->C->E,1900-01-01 09:36:00,1.9536201261248607
49,B->C->E,1900-01-01 07:02:00,2.7330234596732623
50,B->C->D,1900-01-01 15:30:00,0.9755452798533781
51,B->C->D,1900-01-01 09:55:00,3.402114950794271
52,A->C->D,1900-01-01 08:33:00,0.986816541854239
53,A->C->E,1900-01-01 15:29:00,6.917903498597667
54,A->C->D,1900-01-01 12:57:00,5.495777335207393
55,A->C->D,1900-01-01 12:38:00,4.443747145783718
56,A->C->E,1900-01-01 13:35:00,7.877150647178638
57,A->C->E,1900-01-01 15:41:00,9.896330250784644
58,A->C->D,1900-01-01 16:35:00,0.499702259155157
59,B->C->E,1900-01-01 10:04:00,2.276690296408674
60,A->C->D,1900-01-01 12:42:00,1.0953950581115066
61,B->C->E,1900-01-01 07:25:00,1.8356081585198893
62,A->C->E,1900-01-01 10:38:00,2.5589452419365557
63,A->C->D,1900-01-01 15:57:00,1.5301556899344462
64,A->C->D,1900-01-01 08:52:00,4.08298063210907
65,B->C->E,1900-01-01 07:53:00,1.1586783288036884
66,A->C->D,1900-01-01 14:48:00,2.273855824307546
67,B->C->D,1900-01-01 12:08:00,2.651860221126107
68,B->C->E,1900-01-01 13:38:00,2.958879653989271
69,B->C->E,1900-01-01 07:55:00,0.18175476953825864
70,A->C->E,1900-01-01 08:29:00,6.3270328279465815
71,B->C->E,1900-01-01 16:24:00,2.216018115805255
72,A->C->E,1900-01-01 13:47:00,0.8987238949916474
73,A->C->E,1900-01-01 10:54:00,7.58770957235393
74,A->C->D,1900-01-01 14:16:00,8.206585779259385
75,B->C->E,1900-01-01 14:58:00,0.8148101668827081
76,A->C->D,1900-01-01 13:36:00,8.577511139906022
77,A->C->E,1900-01-01 15:21:00,0.9322856638063399
78,B->C->E,1900-01-01 08:06:00,0.30867519357830986
79,A->C->E,1900-01-01 13:33:00,2.126444894123537
80,A->C->E,1900-01-01 10:28:00,5.4590324645742925
81,A->C->D,1900-01-01 09:57:00,3.624639307739301
82,B->C->D,1900-01-01 15:30:00,4.975545279853378
83,B->C->D,1900-01-01 14:54:00,1.380432440239062
84,B->C->D,1900-01-01 12:13:00,5.620282375778075
85,B->C->D,1900-01-01 09:04:00,0.2982920830094997
86,B->C->D,1900-01-01 15:58:00,9.493811313630303
87,B->C->D,1900-01-01 08:53:00,6.783454394787412
88,A->C->E,1900-01-01 11:57:00,7.700969123372289
89,B->C->E,1900-01-01 08:58:00,4.788084797577454
90,B->C->E,1900-01-01 16:48:00,0.9391008269905399
91,A->C->D,1900-01-01 15:56:00,0.27644310980076625
92,B->C->E,1900-01-01 11:43:00,2.9745207877392374
93,A->C->E,1900-01-01 12:34:00,2.23251336253756
94,A->C->E,1900-01-01 12:35:00,4.230715591886479
95,A->C->E,1900-01-01 10:24:00,3.466223547178629
96,B->C->D,1900-01-01 16:30:00,1.7598259498762445
97,A->C->E,1900-01-01 12:44:00,0.21453565602671176
98,A->C->E,1900-01-01 15:47:00,5.114456373121868
99,A->C->D,1900-01-01 14:47:00,2.011813174338471
100,B->C->D,1900-01-01 10:39:00,4.280321189576483
101,A->C->D,1900-01-01 07:50:00,8.85361779553817
102,B->C->D,1900-01-01 08:29:00,1.5616458511983637
103,B->C->D,1900-01-01 10:50:00,2.464994037277563
104,A->C->D,1900-01-01 13:41:00,4.539341044477908
105,A->C->E,1900-01-01 09:44:00,2.538134373222036
106,A->C->E,1900-01-01 13:43:00,2.891532812387311
107,B->C->D,1900-01-01 16:02:00,2.606417706343379
108,B->C->E,1900-01-01 16:11:00,0.33073246967440184
109,B->C->E,1900-01-01 07:53:00,5.158678328803688
110,B->C->D,1900-01-01 07:31:00,1.9874764447864948
111,B->C->E,1900-01-01 08:27:00,5.8542303710369055
112,B->C->E,1900-01-01 07:47:00,2.91055099339998
113,B->C->D,1900-01-01 07:19:00,3.8191296620524326
114,A->C->D,1900-01-01 13:19:00,0.39786449888742936
115,B->C->D,1900-01-01 10:39:00,5.280321189576483
116,A->C->D,1900-01-01 12:12:00,2.1020772408823802
117,B->C->E,1900-01-01 14:02:00,0.7642030571959992
118,B->C->D,1900-01-01 14:44:00,3.032825741885148
119,A->C->D,1900-01-01 10:51:00,6.272539817345347
120,B->C->D,1900-01-01 12:07:00,5.65193121970384
121,A->C->D,1900-01-01 10:59:00,1.6781912239143537
122,A->C->D,1900-01-01 11:53:00,8.051085637157456
123,A->C->D,1900-01-01 16:15:00,4.040180535782241
124,B->C->E,1900-01-01 10:03:00,3.734847923958597
125,B->C->D,1900-01-01 11:11:00,1.6115077380515856
126,B->C->D,1900-01-01 07:54:00,1.864906780063734
127,B->C->D,1900-01-01 12:20:00,5.444906614627655
128,A->C->D,1900-01-01 07:51:00,5.099065447171824
129,A->C->E,1900-01-01 16:20:00,3.826217195392317
130,A->C->E,1900-01-01 08:29:00,6.3270328279465815
131,A->C->D,1900-01-01 08:50:00,1.4527550638036644
132,B->C->E,1900-01-01 08:50:00,1.8803905605156785
133,B->C->D,1900-01-01 07:04:00,3.0539527796770756
134,B->C->E,1900-01-01 09:09:00,1.6611643735373889
135,B->C->E,1900-01-01 11:55:00,2.1639378566680847
136,B->C->D,1900-01-01 12:31:00,3.0355086449675213
137,A->C->E,1900-01-01 08:55:00,1.3737748648747896
138,A->C->D,1900-01-01 07:04:00,8.244085498453899
139,A->C->E,1900-01-01 12:26:00,3.753104472253753
140,A->C->D,1900-01-01 12:59:00,7.258886061559906
141,B->C->E,1900-01-01 12:17:00,2.7210312544939654
142,A->C->E,1900-01-01 12:11:00,3.2738620875125264
143,A->C->D,1900-01-01 14:24:00,5.149861018767439
144,A->C->D,1900-01-01 12:46:00,0.7146883937731161
145,B->C->D,1900-01-01 15:47:00,3.9913600073018927
146,B->C->D,1900-01-01 16:23:00,1.1342130109201776
147,A->C->E,1900-01-01 10:56:00,4.591305113656091
148,B->C->D,1900-01-01 13:42:00,8.12556295031331
149,A->C->E,1900-01-01 11:15:00,7.374537243973293
150,A->C->E,1900-01-01 10:28:00,9.540967535425708
151,A->C->D,1900-01-01 15:04:00,9.482479031415224
152,B->C->E,1900-01-01 13:45:00,1.960352803439747
153,A->C->D,1900-01-01 11:45:00,0.11635737334724183
154,A->C->D,1900-01-01 09:20:00,1.5467158132753411
155,B->C->E,1900-01-01 15:23:00,1.223102107954972
156,B->C->D,1900-01-01 14:08:00,2.0554996471794595
157,A->C->E,1900-01-01 14:12:00,0.943668161268775
158,A->C->E,1900-01-01 08:48:00,5.361190470317197
159,A->C->D,1900-01-01 10:19:00,3.947617178229706
160,B->C->D,1900-01-01 08:49:00,0.0886880928122622
161,A->C->E,1900-01-01 08:39:00,1.3450105344574297
162,B->C->D,1900-01-01 14:43:00,5.800479493090847
163,A->C->E,1900-01-01 07:59:00,0.7269002915859772
164,B->C->E,1900-01-01 08:53:00,5.845775899413837
165,A->C->E,1900-01-01 13:32:00,0.12824266477461777
166,A->C->E,1900-01-01 09:39:00,4.547123226477467
167,A->C->E,1900-01-01 09:54:00,2.5201566667111877
168,B->C->D,1900-01-01 09:09:00,1.314960833064049
169,B->C->D,1900-01-01 11:01:00,2.133098482428835
170,B->C->D,1900-01-01 16:38:00,0.7384619457552333
171,A->C->D,1900-01-01 13:04:00,1.3876419871384797
172,B->C->E,1900-01-01 11:51:00,6.117784975198958
173,A->C->E,1900-01-01 09:18:00,1.415123589849756
174,A->C->D,1900-01-01 14:55:00,0.879924471869316
175,B->C->E,1900-01-01 11:00:00,1.7739168132780065
176,B->C->E,1900-01-01 08:58:00,4.211915202422546
177,B->C->E,1900-01-01 15:34:00,3.9038183160850792
178,A->C->E,1900-01-01 11:54:00,3.695575811419033
179,B->C->E,1900-01-01 12:53:00,1.8635928122839829
180,A->C->D,1900-01-01 16:45:00,3.4152542544784126
181,B->C->E,1900-01-01 15:24:00,0.7884361124123132
182,B->C->D,1900-01-01 15:30:00,0.9755452798533781
183,B->C->D,1900-01-01 07:35:00,2.993125604722252
184,B->C->E,1900-01-01 12:12:00,0.3600876029118183
185,A->C->D,1900-01-01 15:41:00,2.3965615659191712
186,A->C->D,1900-01-01 08:25:00,4.852079390900798
187,B->C->D,1900-01-01 08:23:00,2.247294625170923
188,B->C->D,1900-01-01 08:07:00,2.635994746048226
189,B->C->D,1900-01-01 16:39:00,3.0800089442204523
190,B->C->D,1900-01-01 11:44:00,3.07698168366025
191,A->C->E,1900-01-01 13:53:00,0.9095105188981591
192,A->C->D,1900-01-01 14:22:00,2.6586149991544943
193,B->C->D,1900-01-01 07:25:00,2.4247924842263444
194,A->C->E,1900-01-01 11:37:00,6.665013710350578
195,A->C->D,1900-01-01 08:48:00,5.9890002090141365
196,B->C->E,1900-01-01 10:40:00,1.0046812206235387
197,A->C->E,1900-01-01 08:37:00,5.658585006844746
198,A->C->E,1900-01-01 16:29:00,3.8100372595325496
199,A->C->E,1900-01-01 13:16:00,2.157006995191992
200,A->C->E,1900-01-01 07:34:00,0.7718445578631048
201,B->C->E,1900-01-01 13:46:00,1.051185416927538
202,B->C->D,1900-01-01 13:07:00,3.0313780831139567
203,A->C->E,1900-01-01 15:39:00,2.1000742079131953
204,A->C->E,1900-01-01 08:19:00,1.3090551214357333
205,A->C->E,1900-01-01 16:36:00,0.7974528649749573
206,B->C->E,1900-01-01 15:42:00,1.9961240790233319
207,B->C->D,1900-01-01 14:58:00,0.329465616165578
208,A->C->D,1900-01-01 16:45:00,2.5847457455215874
209,A->C->E,1900-01-01 13:00:00,1.1857713256093518
210,A->C->E,1900-01-01 08:40:00,7.65319169489149
211,B->C->D,1900-01-01 12:23:00,3.357741529255634
212,B->C->E,1900-01-01 09:03:00,3.2696063042589287
213,A->C->D,1900-01-01 14:49:00,0.5363579677471932
214,B->C->D,1900-01-01 16:07:00,0.48487127315968337
215,A->C->D,1900-01-01 09:50:00,10.208888134032364
216,B->C->D,1900-01-01 14:27:00,1.837524754181402
217,B->C->D,1900-01-01 08:09:00,0.088379829383058
218,A->C->E,1900-01-01 07:29:00,1.780833411118536
219,A->C->E,1900-01-01 10:48:00,4.576922948447418
220,B->C->D,1900-01-01 08:54:00,4.5019532948655865
221,A->C->E,1900-01-01 16:17:00,4.168389492654427
222,B->C->D,1900-01-01 07:42:00,1.7491537723782642
223,B->C->D,1900-01-01 16:53:00,4.316707895942102
224,A->C->E,1900-01-01 11:15:00,0.6254627560267068
225,A->C->D,1900-01-01 09:44:00,0.6100918967599682
226,B->C->E,1900-01-01 10:01:00,3.2420756353068327
227,A->C->D,1900-01-01 09:47:00,3.9047186550758397
228,A->C->E,1900-01-01 13:45:00,11.104871646310514
229,A->C->E,1900-01-01 11:47:00,1.3170085831385592
230,A->C->D,1900-01-01 09:19:00,6.803555305130374
231,B->C->E,1900-01-01 13:34:00,3.912726772520145
232,B->C->D,1900-01-01 09:39:00,0.3535113063618951
233,B->C->D,1900-01-01 11:16:00,3.8993545253365056
234,B->C->E,1900-01-01 14:16:00,2.2994154223083854
235,B->C->E,1900-01-01 10:12:00,2.631003940653102
236,B->C->E,1900-01-01 15:36:00,1.0731052431803647
237,B->C->D,1900-01-01 08:41:00,0.8275518070256282
238,A->C->E,1900-01-01 11:54:00,8.695575811419033
239,A->C->E,1900-01-01 13:26:00,7.8609707113188705
240,A->C->E,1900-01-01 13:10:00,0.16779361909850365
241,A->C->E,1900-01-01 13:11:00,1.165995848447409
242,A->C->D,1900-01-01 16:28:00,4.963844639100046
243,B->C->E,1900-01-01 12:32:00,1.105895439996857
244,B->C->D,1900-01-01 07:47:00,5.03225550801443
245,B->C->D,1900-01-01 15:12:00,3.3234652719863504
246,B->C->D,1900-01-01 08:40:00,1.4552723400822742
247,A->C->E,1900-01-01 16:53:00,5.766890763906517
248,A->C->D,1900-01-01 15:42:00,4.3410318281129605
249,A->C->E,1900-01-01 13:43:00,6.891532812387311
250,A->C->E,1900-01-01 15:54:00,6.8729592323205395
251,A->C->D,1900-01-01 13:41:00,8.539341044477908
252,B->C->D,1900-01-01 16:21:00,0.5370551199194722
253,B->C->D,1900-01-01 07:10:00,2.779593360751946
254,B->C->E,1900-01-01 12:48:00,0.07871608587959145
255,A->C->D,1900-01-01 12:48:00,4.487677124530649
256,B->C->E,1900-01-01 10:37:00,1.039295881725394
257,A->C->D,1900-01-01 08:53:00,1.3506144844714356
258,B->C->E,1900-01-01 08:40:00,1.995772764188473
259,A->C->E,1900-01-01 14:43:00,3.0006009485475857
260,A->C->E,1900-01-01 08:44:00,3.353999387712861
261,A->C->D,1900-01-01 12:58:00,5.6174893999275355
262,A->C->D,1900-01-01 10:09:00,10.04896002469907
263,B->C->D,1900-01-01 11:38:00,3.745585967828646
264,B->C->D,1900-01-01 11:09:00,2.1528125609819995
265,A->C->D,1900-01-01 13:42:00,4.736162553464936
266,A->C->E,1900-01-01 12:14:00,4.7315312244407295
267,A->C->D,1900-01-01 07:37:00,4.251555041411578
268,B->C->D,1900-01-01 12:09:00,3.6497055443937327
269,A->C->D,1900-01-01 16:11:00,1.9998709524148097
270,B->C->D,1900-01-01 11:17:00,2.004432976140208
271,B->C->D,1900-01-01 08:37:00,1.6964141139128373
272,A->C->E,1900-01-01 07:08:00,4.818586594791313
273,B->C->E,1900-01-01 10:49:00,3.9008372373180435
274,A->C->D,1900-01-01 11:56:00,0.9215301429581189
275,A->C->D,1900-01-01 07:44:00,9.39993964052988
276,A->C->D,1900-01-01 12:45:00,6.812877503521861
277,A->C->E,1900-01-01 15:02:00,8.033556693823044
278,B->C->D,1900-01-01 16:10:00,6.870668153246669
279,B->C->D,1900-01-01 14:03:00,4.0449231053652
280,A->C->E,1900-01-01 12:02:00,2.290042023372294
281,A->C->E,1900-01-01 11:09:00,4.614676132120195
282,B->C->D,1900-01-01 12:05:00,0.35418321403864184
283,B->C->E,1900-01-01 14:08:00,8.305026265007626
284,A->C->E,1900-01-01 10:41:00,4.435661446110188
285,B->C->E,1900-01-01 07:25:00,1.1643918414801107
286,B->C->E,1900-01-01 10:21:00,2.2239074076018426
287,B->C->E,1900-01-01 07:10:00,1.640717696735038
288,A->C->E,1900-01-01 11:18:00,0.6308560679799626
289,A->C->E,1900-01-01 13:31:00,5.8699595645742875
290,B->C->D,1900-01-01 13:46:00,0.8282531274352465
291,B->C->D,1900-01-01 09:32:00,4.1612654298809275
292,A->C->E,1900-01-01 16:50:00,4.227715924140227
293,A->C->E,1900-01-01 13:44:00,2.8933305830383915
294,A->C->D,1900-01-01 09:52:00,1.7505011875808236
295,A->C->D,1900-01-01 12:42:00,2.9046049418884934
296,B->C->E,1900-01-01 09:44:00,2.045925889063085
297,B->C->E,1900-01-01 13:32:00,4.889650331785575
298,A->C->D,1900-01-01 16:46:00,0.21440385140493845
299,A->C->E,1900-01-01 10:20:00,4.526585370217035
300,A->C->D,1900-01-01 11:00:00,1.555535427836503
301,A->C->E,1900-01-01 12:15:00,3.7333289950918243
302,B->C->E,1900-01-01 14:08:00,0.3050262650076263
303,A->C->D,1900-01-01 11:32:00,4.320475963670589
304,A->C->E,1900-01-01 15:26:00,3.076703189449077
305,B->C->D,1900-01-01 10:21:00,6.686798301738463
306,A->C->D,1900-01-01 11:34:00,6.430403500693245
307,B->C->D,1900-01-01 10:36:00,0.8115431560584625
308,B->C->D,1900-01-01 09:04:00,3.7017079169905003
309,A->C->D,1900-01-01 13:37:00,7.766865485343303
310,B->C->E,1900-01-01 07:54:00,3.1702165491709593
311,A->C->E,1900-01-01 12:54:00,1.8034420504841364
312,B->C->D,1900-01-01 07:43:00,2.003933840340295
313,B->C->D,1900-01-01 16:10:00,4.870668153246669
314,A->C->E,1900-01-01 10:22:00,0.4698190884808042
315,B->C->E,1900-01-01 08:27:00,2.1457696289630945
316,B->C->D,1900-01-01 09:51:00,4.364182470638269
317,A->C->D,1900-01-01 13:14:00,0.18069970387470846
318,B->C->D,1900-01-01 12:40:00,3.5189975771627218
319,A->C->E,1900-01-01 13:30:00,5.868161793923207
320,A->C->D,1900-01-01 11:02:00,9.684019080230087
321,A->C->E,1900-01-01 07:01:00,10.16882901065108
322,A->C->E,1900-01-01 15:21:00,0.06771433619366007
323,A->C->E,1900-01-01 16:29:00,4.18996274046745
324,A->C->D,1900-01-01 07:48:00,2.6346245621879376
325,A->C->D,1900-01-01 13:30:00,5.473938435383857
326,A->C->E,1900-01-01 09:37:00,1.4492812322203719
327,B->C->E,1900-01-01 09:12:00,2.373450287564438
328,A->C->E,1900-01-01 10:29:00,11.542765306076788
329,B->C->D,1900-01-01 07:15:00,1.3207378878205986
330,B->C->D,1900-01-01 09:18:00,3.1063490541583008
331,B->C->E,1900-01-01 15:15:00,0.6186604206389745
332,A->C->E,1900-01-01 16:48:00,2.7758796171619338
333,A->C->D,1900-01-01 11:03:00,4.199097570702989
334,A->C->D,1900-01-01 11:42:00,1.7855479417113997
335,A->C->E,1900-01-01 14:16:00,3.9508592438731256
336,B->C->E,1900-01-01 08:27:00,2.8542303710369055
337,B->C->E,1900-01-01 15:19:00,1.7307450105759017
338,B->C->E,1900-01-01 12:07:00,3.697603498924522
339,A->C->D,1900-01-01 07:06:00,8.862960792772043
340,B->C->E,1900-01-01 12:50:00,7.101792526614162
341,A->C->D,1900-01-01 08:08:00,2.390720215962645
342,A->C->E,1900-01-01 12:12:00,4.727935683138568
343,B->C->D,1900-01-01 14:03:00,7.0449231053652
344,B->C->D,1900-01-01 16:42:00,2.456587904781628
345,B->C->D,1900-01-01 12:29:00,11.128242998689018
346,B->C->E,1900-01-01 11:33:00,0.9100970085879254
347,A->C->D,1900-01-01 16:08:00,7.729497721187855
348,A->C->D,1900-01-01 14:26:00,0.35548408546510757
349,A->C->E,1900-01-01 14:13:00,6.05453406808013
350,A->C->D,1900-01-01 15:09:00,8.856790147161462
351,B->C->E,1900-01-01 12:58:00,0.19409828955235753
352,B->C->E,1900-01-01 11:45:00,0.04855565299531861
353,A->C->D,1900-01-01 14:37:00,7.579660029614999
354,B->C->D,1900-01-01 14:49:00,1.7984487467683437
355,B->C->E,1900-01-01 10:53:00,2.145315644151083
356,B->C->D,1900-01-01 11:53:00,9.433608174898879
357,A->C->E,1900-01-01 09:42:00,0.5417299145242112
358,B->C->D,1900-01-01 16:53:00,6.316707895942102
359,B->C->D,1900-01-01 11:53:00,4.433608174898879
360,A->C->E,1900-01-01 10:23:00,1.5319786821702905
361,B->C->D,1900-01-01 12:06:00,6.649917157625424
362,A->C->D,1900-01-01 08:44:00,3.062468519903277
363,B->C->E,1900-01-01 08:25:00,1.1688460696976506
364,A->C->D,1900-01-01 13:18:00,0.44208560759568627
365,B->C->D,1900-01-01 07:00:00,8.874398878669297
366,A->C->D,1900-01-01 13:40:00,10.34398810252253
367,A->C->E,1900-01-01 07:58:00,4.728698062237058
368,B->C->E,1900-01-01 12:29:00,0.8594898989013018
369,A->C->E,1900-01-01 14:30:00,3.02397196701169
370,A->C->E,1900-01-01 08:12:00,3.703529273121873
371,A->C->E,1900-01-01 16:55:00,2.2367047773956585
372,A->C->E,1900-01-01 10:09:00,0.4931901069449083
373,A->C->E,1900-01-01 09:29:00,0.5651009329883152
374,B->C->E,1900-01-01 12:10:00,3.337011162177248
375,A->C->D,1900-01-01 15:33:00,2.717335616454889
376,B->C->E,1900-01-01 07:14:00,1.594564815265926
377,B->C->D,1900-01-01 12:03:00,4.631352786491
378,A->C->D,1900-01-01 14:00:00,6.515245622825304
379,A->C->D,1900-01-01 11:32:00,5.320475963670589
380,B->C->D,1900-01-01 08:26:00,1.4055911203124367
381,B->C->E,1900-01-01 10:38:00,3.027757661358109
382,A->C->D,1900-01-01 09:19:00,0.19644469486962635
383,B->C->D,1900-01-01 08:59:00,2.9019399948005997
384,B->C->E,1900-01-01 10:44:00,2.041471660845559
385,B->C->D,1900-01-01 14:35:00,1.0387766428913636
386,A->C->D,1900-01-01 09:42:00,3.0854414133338253
387,A->C->D,1900-01-01 13:29:00,3.7044546929517708
388,B->C->D,1900-01-01 10:32:00,4.543106606231021
389,B->C->E,1900-01-01 10:25:00,2.8222454738672553
390,B->C->E,1900-01-01 09:47:00,0.08054055016494033
391,B->C->E,1900-01-01 07:00:00,0.7560999004078184
392,A->C->D,1900-01-01 13:09:00,8.08074113628443
393,A->C->D,1900-01-01 09:39:00,3.805811885677471
394,B->C->D,1900-01-01 14:00:00,9.451872563983741
395,A->C->E,1900-01-01 07:15:00,7.806002200233721
396,B->C->E,1900-01-01 15:15:00,1.6186604206389745
397,A->C->D,1900-01-01 15:53:00,0.48879953121991093
398,B->C->D,1900-01-01 08:29:00,0.43835414880163626
399,B->C->D,1900-01-01 14:13:00,5.092219337316507
400,A->C->E,1900-01-01 14:00:00,3.0779050865442343
401,A->C->E,1900-01-01 08:36:00,5.660382777495826
402,B->C->D,1900-01-01 13:50:00,7.552493239574531
403,A->C->E,1900-01-01 16:27:00,0.8136328008347249
404,B->C->E,1900-01-01 16:09:00,4.692343971060154
405,B->C->E,1900-01-01 13:02:00,1.240251171021498
406,B->C->D,1900-01-01 07:47:00,1.9677444919855702
407,B->C->D,1900-01-01 16:58:00,7.103342232432155
408,B->C->D,1900-01-01 10:58:00,1.2805673516746054
409,B->C->D,1900-01-01 14:06:00,3.648030616209894
410,A->C->D,1900-01-01 11:55:00,7.071490641178514
411,B->C->E,1900-01-01 09:03:00,0.26960630425892873
412,A->C->D,1900-01-01 11:39:00,0.6682776442058582
413,B->C->D,1900-01-01 09:51:00,3.3641824706382693
414,B->C->D,1900-01-01 16:26:00,0.538275923603635
415,A->C->D,1900-01-01 09:33:00,2.728531332015848
416,B->C->D,1900-01-01 16:20:00,2.259901348280124
417,B->C->D,1900-01-01 09:25:00,0.990245212771157
418,B->C->E,1900-01-01 14:23:00,0.21864787973747468
419,B->C->E,1900-01-01 16:22:00,2.7609054434601745
420,A->C->D,1900-01-01 08:40:00,3.1363229036111164
421,A->C->D,1900-01-01 09:20:00,4.546715813275341
422,A->C->D,1900-01-01 10:28:00,4.383282855716658
423,B->C->D,1900-01-01 12:34:00,5.8813038460736635
424,B->C->E,1900-01-01 10:50:00,1.1107009830492416
425,B->C->D,1900-01-01 11:00:00,2.9970837473927503
426,A->C->E,1900-01-01 08:42:00,6.649596153589314
427,A->C->D,1900-01-01 10:36:00,0.0086021805410752
428,B->C->E,1900-01-01 14:43:00,2.9878834723918857
429,A->C->D,1900-01-01 15:59:00,4.035430709221259
430,B->C->D,1900-01-01 11:59:00,4.5773489630892215
431,B->C->D,1900-01-01 11:05:00,2.658248913050045
432,B->C->E,1900-01-01 10:35:00,2.9376276775400356
433,A->C->D,1900-01-01 11:23:00,7.722267304094771
434,A->C->E,1900-01-01 14:18:00,1.0455452148247133
435,B->C->E,1900-01-01 12:43:00,0.021024984043179984
436,A->C->D,1900-01-01 14:34:00,0.34532595741036687
437,B->C->E,1900-01-01 14:36:00,1.0686510149627964
438,A->C->D,1900-01-01 11:35:00,0.4822070896063906
439,A->C->E,1900-01-01 15:20:00,1.0659165655425653
440,B->C->D,1900-01-01 10:21:00,5.686798301738463
441,A->C->E,1900-01-01 14:46:00,1.0047923634056701
442,B->C->E,1900-01-01 14:02:00,3.7642030571959992
443,A->C->E,1900-01-01 14:13:00,0.9454659319198697
444,B->C->E,1900-01-01 08:02:00,1.7374776878908023
445,A->C->E,1900-01-01 12:01:00,7.291839794023375
446,B->C->D,1900-01-01 15:15:00,5.604064419200682
447,A->C->D,1900-01-01 11:44:00,2.146921255121697
448,B->C->D,1900-01-01 12:08:00,5.651860221126107
449,B->C->E,1900-01-01 10:03:00,2.734847923958597
450,B->C->D,1900-01-01 11:46:00,0.8291712654953756
451,B->C->E,1900-01-01 11:01:00,2.7623785929107214
452,B->C->E,1900-01-01 09:47:00,0.9194594498350597
453,B->C->D,1900-01-01 14:16:00,7.770142776717748
454,A->C->E,1900-01-01 12:14:00,6.7315312244407295
455,B->C->D,1900-01-01 08:46:00,0.2413165127122454
456,A->C->D,1900-01-01 13:00:00,2.1333569774469083
457,B->C->D,1900-01-01 10:29:00,7.108867990175341
458,A->C->E,1900-01-01 11:14:00,0.6236649853756262
459,A->C->E,1900-01-01 07:53:00,1.737686915492489
460,B->C->D,1900-01-01 12:46:00,1.085790458938547
461,A->C->E,1900-01-01 15:20:00,4.934083434457435
462,A->C->D,1900-01-01 11:25:00,9.86975712312082
463,B->C->E,1900-01-01 16:39:00,3.0429448102960777
464,A->C->E,1900-01-01 10:50:00,5.580518489749579
465,B->C->E,1900-01-01 15:16:00,3.3038696505259395
466,A->C->E,1900-01-01 12:54:00,2.8034420504841364
467,B->C->E,1900-01-01 10:17:00,3.729939710929017
468,A->C->D,1900-01-01 11:02:00,2.3159809197699133
469,A->C->D,1900-01-01 14:51:00,4.062673368323715
470,A->C->D,1900-01-01 07:49:00,3.6090492309251374
471,A->C->E,1900-01-01 10:55:00,2.5895073430050104
472,B->C->E,1900-01-01 07:33:00,2.0720860785418864
473,A->C->D,1900-01-01 15:33:00,9.71733561645489
474,A->C->E,1900-01-01 15:47:00,2.885543626878132
475,A->C->E,1900-01-01 14:16:00,4.950859243873126
476,A->C->D,1900-01-01 11:31:00,0.2623590653476242
477,B->C->E,1900-01-01 13:51:00,6.1088765187638785
478,B->C->D,1900-01-01 09:38:00,3.6090693081102927
479,B->C->D,1900-01-01 08:14:00,4.289621589410942
480,A->C->D,1900-01-01 14:58:00,8.083232108790696
481,B->C->E,1900-01-01 12:02:00,1.2447053992390522
482,A->C->E,1900-01-01 14:41:00,0.9958035101502531
483,A->C->E,1900-01-01 14:58:00,7.026365611218694
484,B->C->E,1900-01-01 09:44:00,1.045925889063085
485,A->C->E,1900-01-01 15:52:00,3.1234452263772994
486,B->C->E,1900-01-01 16:59:00,1.1878195970495113
487,B->C->E,1900-01-01 11:35:00,1.0668265506775043
488,B->C->E,1900-01-01 09:07:00,4.315759185728041
489,B->C->D,1900-01-01 13:18:00,6.4055908411784515
490,A->C->E,1900-01-01 11:19:00,0.6326538386310574
491,B->C->E,1900-01-01 11:32:00,0.8985587882206403
492,B->C->D,1900-01-01 10:33:00,7.35775349564112
493,B->C->E,1900-01-01 13:41:00,0.9934943150911124
494,A->C->D,1900-01-01 09:23:00,1.219930651399494
495,B->C->D,1900-01-01 14:06:00,0.3519693837901059
496,A->C->E,1900-01-01 09:09:00,6.601056346010012
497,A->C->E,1900-01-01 09:49:00,1.5291455199666046
498,B->C->D,1900-01-01 08:32:00,1.2840918262426158
499,B->C->D,1900-01-01 12:42:00,0.3824123903480654
500,B->C->E,1900-01-01 14:50:00,2.907115929820904
501,A->C->E,1900-01-01 11:45:00,5.3206041244407345
502,B->C->D,1900-01-01 13:35:00,6.9501281989856665
503,A->C->D,1900-01-01 13:55:00,8.422613603124077
504,A->C->D,1900-01-01 12:47:00,2.6145013760505265
505,A->C->E,1900-01-01 08:36:00,3.339617222504174
506,A->C->E,1900-01-01 15:52:00,9.8765547736227
507,A->C->D,1900-01-01 09:34:00,11.024989570782154
508,A->C->D,1900-01-01 14:41:00,2.4501455253952855
509,B->C->E,1900-01-01 16:15:00,0.37688535114352817
510,A->C->E,1900-01-01 16:50:00,2.2277159241402273
511,A->C->D,1900-01-01 07:25:00,2.0429865401940503
512,A->C->D,1900-01-01 15:01:00,5.2839298545381865
513,A->C->D,1900-01-01 09:00:00,1.2180830766028947
514,A->C->E,1900-01-01 12:24:00,0.2504910690484081
515,B->C->D,1900-01-01 08:19:00,1.3653045638353944
516,A->C->E,1900-01-01 16:40:00,2.790261782370621
517,A->C->D,1900-01-01 14:01:00,4.737469246350358
518,B->C->E,1900-01-01 09:02:00,0.2580680838916578
519,B->C->E,1900-01-01 07:32:00,2.9163757010908284
520,B->C->D,1900-01-01 07:47:00,2.03225550801443
521,B->C->D,1900-01-01 16:58:00,5.103342232432155
522,A->C->D,1900-01-01 09:42:00,10.085441413333825
523,B->C->E,1900-01-01 11:28:00,6.147594093248415
524,A->C->E,1900-01-01 10:25:00,3.5355742234724516
525,A->C->D,1900-01-01 16:08:00,1.7294977211878546
526,A->C->D,1900-01-01 16:20:00,7.863075729434598
527,A->C->D,1900-01-01 08:22:00,7.943933929339181
528,A->C->E,1900-01-01 09:09:00,5.601056346010012
529,B->C->E,1900-01-01 11:12:00,2.6354581688706133
530,A->C->D,1900-01-01 08:46:00,1.525617245515548
531,B->C->D,1900-01-01 11:46:00,3.1708287345046244
532,A->C->D,1900-01-01 11:55:00,8.071490641178514
533,A->C->D,1900-01-01 14:58:00,1.9167678912093038
534,B->C->D,1900-01-01 15:03:00,7.478573012965256
535,B->C->E,1900-01-01 09:28:00,5.1386856368133635
536,B->C->D,1900-01-01 16:19:00,9.944204677738242
537,A->C->E,1900-01-01 16:39:00,7.792059553021701
538,B->C->E,1900-01-01 14:31:00,4.873657883200792
539,B->C->D,1900-01-01 07:01:00,7.6715255384591785
540,A->C->D,1900-01-01 12:17:00,0.2709699887059429
541,B->C->E,1900-01-01 11:26:00,0.17067053398298526
542,B->C->E,1900-01-01 13:39:00,3.0295821256434436
543,A->C->D,1900-01-01 15:21:00,0.9227126617590216
544,A->C->D,1900-01-01 16:38:00,4.8602413681352346
545,B->C->D,1900-01-01 16:21:00,1.5370551199194722
546,B->C->D,1900-01-01 11:10:00,1.7283754730229361
547,B->C->E,1900-01-01 16:36:00,0.9224405286020669
548,A->C->D,1900-01-01 12:25:00,1.651648327139668
549,B->C->D,1900-01-01 08:15:00,8.566628424001536
550,A->C->E,1900-01-01 16:26:00,6.1845694285141946
551,B->C->D,1900-01-01 08:26:00,2.5944088796875633
552,B->C->D,1900-01-01 16:40:00,0.10019701950955096
553,B->C->D,1900-01-01 09:59:00,8.45874659673315
554,B->C->E,1900-01-01 15:10:00,1.676351522475315
555,B->C->E,1900-01-01 12:15:00,7.394702264013674
556,A->C->D,1900-01-01 13:48:00,3.9472181703311406
557,B->C->E,1900-01-01 15:16:00,0.3038696505259395
558,B->C->E,1900-01-01 14:32:00,2.1148038964319227
559,B->C->E,1900-01-01 14:04:00,4.258873383538557
560,B->C->D,1900-01-01 10:49:00,3.6212191021547255
561,A->C->E,1900-01-01 07:25:00,1.7880244937228724
562,A->C->D,1900-01-01 10:55:00,4.187819723766523
563,A->C->E,1900-01-01 11:42:00,6.32599743639399
564,A->C->E,1900-01-01 12:44:00,6.785464343973288
565,B->C->E,1900-01-01 09:35:00,4.0579180942424244
566,B->C->E,1900-01-01 08:42:00,1.9726963234539312
567,B->C->D,1900-01-01 11:44:00,3.07698168366025
568,A->C->E,1900-01-01 10:42:00,6.433863675459094
569,B->C->E,1900-01-01 13:36:00,2.064196786745299
570,B->C->D,1900-01-01 11:19:00,1.2086315847653992
571,B->C->E,1900-01-01 11:13:00,3.376080051496672
572,B->C->D,1900-01-01 09:09:00,3.314960833064049
573,A->C->E,1900-01-01 15:34:00,0.9089146453422359
574,A->C->E,1900-01-01 09:09:00,3.6010563460100116
575,B->C->D,1900-01-01 14:54:00,0.380432440239062
576,B->C->E,1900-01-01 12:14:00,0.6168359563536114
577,A->C->D,1900-01-01 09:02:00,5.250786037227456
578,A->C->D,1900-01-01 14:17:00,1.4462385159918796
579,B->C->E,1900-01-01 08:28:00,4.865768591404191
580,A->C->E,1900-01-01 15:09:00,2.9538589116193634
581,A->C->D,1900-01-01 14:26:00,4.644515914534892
582,A->C->D,1900-01-01 07:32:00,0.6008482428867978
583,A->C->E,1900-01-01 08:14:00,1.3000662681803021
584,A->C->E,1900-01-01 15:14:00,6.944870058363946
585,A->C->D,1900-01-01 12:00:00,14.084889310973779
586,A->C->E,1900-01-01 14:46:00,6.00479236340567
587,B->C->E,1900-01-01 11:40:00,0.009135448841092852
588,A->C->E,1900-01-01 15:16:00,5.058725482938229
589,B->C->D,1900-01-01 09:22:00,3.813118146337942
590,A->C->E,1900-01-01 08:37:00,6.341414993155254
591,B->C->D,1900-01-01 12:16:00,2.5323204343572456
592,B->C->E,1900-01-01 09:15:00,2.5919350513337065
593,A->C->E,1900-01-01 14:51:00,3.0137812166611013
594,B->C->E,1900-01-01 07:43:00,3.043296125130894
595,B->C->D,1900-01-01 11:42:00,3.9748150803248308
596,A->C->D,1900-01-01 08:35:00,1.5224946609451564
597,B->C->E,1900-01-01 10:53:00,0.8546843558489172
598,A->C->D,1900-01-01 13:25:00,4.5982102876927655
599,A->C->E,1900-01-01 16:36:00,9.202547135025043
600,B->C->D,1900-01-01 11:55:00,8.489886916198813
601,A->C->D,1900-01-01 15:58:00,3.21684303516561
602,A->C->D,1900-01-01 16:50:00,0.574539033490538
603,A->C->D,1900-01-01 16:32:00,5.150741797258959
604,A->C->D,1900-01-01 11:29:00,5.139837644376172
605,B->C->E,1900-01-01 09:14:00,4.603473271700992
606,A->C->D,1900-01-01 09:51:00,0.020865192415683964
607,B->C->D,1900-01-01 08:21:00,3.193036456417275
608,B->C->D,1900-01-01 09:10:00,0.9610554143257559
609,A->C->D,1900-01-01 13:34:00,4.203405245477143
610,B->C->E,1900-01-01 07:00:00,4.756099900407818
611,B->C->D,1900-01-01 11:38:00,6.745585967828646
612,B->C->D,1900-01-01 12:46:00,4.085790458938547
613,B->C->E,1900-01-01 11:35:00,3.0668265506775043
614,A->C->D,1900-01-01 12:30:00,2.0419914932657264
615,A->C->D,1900-01-01 07:33:00,2.828122460581369
616,B->C->E,1900-01-01 16:05:00,4.738496852529295
617,A->C->D,1900-01-01 11:50:00,2.0043725479644365
618,A->C->D,1900-01-01 10:56:00,7.057578021864757
619,B->C->D,1900-01-01 12:04:00,7.639628989434414
620,B->C->D,1900-01-01 13:30:00,5.154760357163724
621,A->C->D,1900-01-01 15:37:00,3.657358278825427
622,A->C->E,1900-01-01 13:48:00,6.900521665642742
623,A->C->E,1900-01-01 14:01:00,3.076107315893154
624,A->C->E,1900-01-01 16:28:00,1.8118350301836443
625,A->C->D,1900-01-01 14:14:00,8.73022618428628
626,B->C->E,1900-01-01 16:32:00,4.123712352866988
627,B->C->E,1900-01-01 11:15:00,1.600843507768829
628,A->C->E,1900-01-01 08:46:00,2.642405070984978
629,B->C->E,1900-01-01 13:45:00,0.960352803439747
630,A->C->D,1900-01-01 10:31:00,3.8554179775940725
631,A->C->E,1900-01-01 11:54:00,1.3044241885809669
632,A->C->D,1900-01-01 09:45:00,5.3739322000942025
633,B->C->D,1900-01-01 11:06:00,2.7847742304380247
634,B->C->D,1900-01-01 16:38:00,0.2615380542447667
635,B->C->D,1900-01-01 13:46:00,9.828253127435246
636,B->C->E,1900-01-01 07:50:00,3.875936332298153
637,B->C->D,1900-01-01 09:10:00,1.038944585674244
638,B->C->E,1900-01-01 07:52:00,6.8528598915635826
639,B->C->E,1900-01-01 13:21:00,7.762729907745538
640,B->C->E,1900-01-01 13:32:00,3.8896503317855746
641,A->C->E,1900-01-01 13:19:00,4.151613683238736
642,B->C->E,1900-01-01 09:26:00,2.1617620775479196
643,A->C->D,1900-01-01 08:40:00,1.8636770963888836
644,A->C->D,1900-01-01 14:13:00,2.4935498755655487
645,A->C->E,1900-01-01 14:52:00,5.984421012687818
646,A->C->E,1900-01-01 08:10:00,1.2928751855759657
647,A->C->E,1900-01-01 13:37:00,3.119253811519201
648,A->C->E,1900-01-01 15:36:00,4.0946808959599394
649,A->C->D,1900-01-01 12:21:00,1.5556172369436183
650,A->C->D,1900-01-01 13:15:00,0.9723644020324258
651,B->C->D,1900-01-01 14:10:00,4.467152050852349
652,B->C->E,1900-01-01 14:03:00,3.2473351631712717
653,B->C->D,1900-01-01 11:16:00,1.1006454746634944
654,A->C->E,1900-01-01 14:40:00,4.994005739499158
655,B->C->E,1900-01-01 10:17:00,6.270060289070983
656,A->C->E,1900-01-01 15:27:00,1.0785009601001718
657,B->C->E,1900-01-01 11:23:00,3.2052851950848265
658,A->C->D,1900-01-01 15:39:00,1.1295734273979292
659,B->C->D,1900-01-01 14:43:00,1.8004794930908474
660,B->C->E,1900-01-01 09:01:00,0.7534701364756131
661,A->C->D,1900-01-01 11:42:00,6.7855479417114
662,A->C->E,1900-01-01 09:34:00,1.556112079732884
663,A->C->E,1900-01-01 16:00:00,4.137827391585972
664,A->C->E,1900-01-01 09:20:00,5.418719131151917
665,A->C->D,1900-01-01 10:49:00,2.991636940861923
666,B->C->E,1900-01-01 14:43:00,0.012116527608114325
667,A->C->D,1900-01-01 15:42:00,5.3410318281129605
668,A->C->E,1900-01-01 12:39:00,2.223524509282143
669,B->C->E,1900-01-01 10:17:00,2.270060289070983
670,B->C->D,1900-01-01 16:44:00,1.8075322557959623
671,B->C->E,1900-01-01 08:55:00,0.1773005413207045
672,B->C->E,1900-01-01 10:25:00,2.1777545261327447
673,B->C->D,1900-01-01 13:30:00,3.154760357163724
674,B->C->D,1900-01-01 14:51:00,1.6720000782360955
675,A->C->E,1900-01-01 14:00:00,1.0779050865442343
676,B->C->E,1900-01-01 15:29:00,5.846127214248668
677,B->C->D,1900-01-01 15:40:00,5.61703215452539
678,A->C->E,1900-01-01 13:16:00,2.157006995191992
679,A->C->D,1900-01-01 12:27:00,3.767910800751423
680,B->C->D,1900-01-01 08:18:00,5.356064166749206
681,B->C->D,1900-01-01 15:12:00,5.3234652719863504
682,B->C->D,1900-01-01 14:43:00,3.8004794930908474
683,A->C->E,1900-01-01 07:11:00,2.186806717161943
684,A->C->E,1900-01-01 09:09:00,4.601056346010012
685,B->C->D,1900-01-01 09:31:00,1.5770356850651694
686,B->C->D,1900-01-01 14:24:00,1.5000428317673595
687,A->C->E,1900-01-01 16:45:00,0.7812729291151896
688,A->C->D,1900-01-01 14:50:00,6.799302770075869
689,A->C->D,1900-01-01 07:07:00,4.329861029374797
690,B->C->D,1900-01-01 12:54:00,0.4001547395886007
691,A->C->D,1900-01-01 12:37:00,1.4742628542922773
692,B->C->E,1900-01-01 09:16:00,2.2771442812207
693,B->C->E,1900-01-01 13:23:00,2.2141936515199063
694,B->C->E,1900-01-01 13:56:00,1.16656762060029
695,B->C->E,1900-01-01 09:45:00,5.05746410943037
696,A->C->D,1900-01-01 09:40:00,7.56472937252758
697,A->C->D,1900-01-01 11:56:00,0.07846985704188114
698,A->C->E,1900-01-01 16:16:00,5.833408277996668
699,A->C->E,1900-01-01 15:41:00,0.8963302507846436
700,A->C->D,1900-01-01 13:18:00,4.557914392404314
701,A->C->E,1900-01-01 14:02:00,6.074309545242073
702,A->C->E,1900-01-01 16:24:00,0.18097388721201924
703,B->C->E,1900-01-01 16:41:00,2.0198683695615216
704,B->C->D,1900-01-01 16:21:00,6.537055119919472
705,B->C->E,1900-01-01 15:34:00,0.09618168391492077
706,B->C->E,1900-01-01 13:36:00,8.064196786745299
707,A->C->E,1900-01-01 07:51:00,1.7412824567946643
708,A->C->E,1900-01-01 08:57:00,3.622629593823035
709,B->C->D,1900-01-01 15:43:00,2.917340232117141
710,B->C->E,1900-01-01 16:44:00,3.985253708459666
711,B->C->D,1900-01-01 13:55:00,3.4868307915587025
712,B->C->D,1900-01-01 15:49:00,8.531637066054657
713,A->C->D,1900-01-01 13:27:00,3.9436077806759897
714,A->C->E,1900-01-01 11:38:00,1.6668114810016732
715,B->C->D,1900-01-01 09:43:00,0.3408053893316776
716,A->C->E,1900-01-01 09:49:00,1.5291455199666046
717,B->C->E,1900-01-01 16:51:00,2.0955138341112445
718,B->C->E,1900-01-01 16:20:00,2.7378290027256185
719,A->C->E,1900-01-01 09:37:00,1.5507187677796281
720,A->C->D,1900-01-01 07:59:00,7.092393519074406
721,A->C->D,1900-01-01 16:49:00,3.3794975131750675
722,A->C->D,1900-01-01 11:58:00,5.085979478575041
723,B->C->D,1900-01-01 08:26:00,3.5944088796875633
724,B->C->D,1900-01-01 16:42:00,0.45658790478162814
725,B->C->E,1900-01-01 15:01:00,0.21980449421914727
726,B->C->D,1900-01-01 10:01:00,3.9943499673256184
727,B->C->D,1900-01-01 12:44:00,0.7620059922300868
728,A->C->E,1900-01-01 16:24:00,2.8190261127879808
729,A->C->D,1900-01-01 10:04:00,0.9005026608720073
730,A->C->E,1900-01-01 15:27:00,5.078500960100172
731,B->C->E,1900-01-01 13:21:00,1.2372700922544624
732,A->C->E,1900-01-01 12:48:00,4.792655426577625
733,B->C->E,1900-01-01 13:35:00,2.92426499288743
734,B->C->D,1900-01-01 13:43:00,1.2991705950797439
735,B->C->D,1900-01-01 15:09:00,5.042651481162778
736,B->C->E,1900-01-01 16:14:00,1.3653471307762572
737,A->C->D,1900-01-01 11:32:00,10.320475963670589
738,A->C->D,1900-01-01 16:17:00,1.4337537562026341
739,B->C->D,1900-01-01 16:24:00,2.934442996311617
740,B->C->D,1900-01-01 15:57:00,0.7175249980938503
741,B->C->E,1900-01-01 10:47:00,2.923913678052614
742,A->C->E,1900-01-01 07:04:00,5.8257776773956635
743,A->C->D,1900-01-01 11:43:00,0.8203798175572103
744,A->C->E,1900-01-01 08:55:00,6.62622513512521
745,B->C->D,1900-01-01 07:37:00,2.5101981022680775
746,B->C->E,1900-01-01 14:59:00,1.803271946515423
747,B->C->E,1900-01-01 07:47:00,0.9105509933999798
748,B->C->E,1900-01-01 10:15:00,4.596389279551246
749,B->C->D,1900-01-01 09:03:00,3.9802757753701314
750,B->C->E,1900-01-01 15:23:00,5.223102107954972
751,A->C->E,1900-01-01 16:39:00,3.7920595530217014
752,A->C->D,1900-01-01 07:22:00,0.6061760677102939
753,A->C->E,1900-01-01 09:47:00,4.53274106126878
754,B->C->E,1900-01-01 12:52:00,1.124868967348732
755,A->C->E,1900-01-01 15:38:00,6.901723562737899
756,B->C->D,1900-01-01 16:39:00,0.9199910557795477
757,B->C->D,1900-01-01 10:18:00,0.696382157993483
758,B->C->D,1900-01-01 14:21:00,6.844863885532959
759,B->C->E,1900-01-01 15:39:00,1.0384905820785093
760,A->C->E,1900-01-01 07:55:00,1.7340913741903137
761,A->C->D,1900-01-01 14:45:00,8.489173544721297
762,B->C->D,1900-01-01 11:04:00,0.5298117686547457
763,A->C->E,1900-01-01 07:24:00,6.789822264373953
764,A->C->D,1900-01-01 07:42:00,0.07700614471146139
765,A->C->D,1900-01-01 16:59:00,3.26167581373241
766,B->C->D,1900-01-01 09:39:00,1.353511306361895
767,B->C->E,1900-01-01 08:44:00,1.050380117280639
768,B->C->E,1900-01-01 08:16:00,5.272690053003146
769,A->C->E,1900-01-01 08:22:00,1.314448433388975
770,B->C->D,1900-01-01 11:15:00,0.1635994074466467
771,B->C->D,1900-01-01 14:04:00,6.244860392087162
772,B->C->D,1900-01-01 09:25:00,1.009754787228843
773,A->C->E,1900-01-01 08:12:00,3.703529273121873
774,A->C->E,1900-01-01 15:15:00,5.943072287712852
775,B->C->D,1900-01-01 12:25:00,2.289391110743267
776,A->C->E,1900-01-01 14:43:00,0.9993990514524143
777,B->C->D,1900-01-01 14:21:00,9.844863885532959
778,B->C->D,1900-01-01 10:58:00,0.7194326483253946
779,B->C->E,1900-01-01 15:26:00,0.8115125531468834
780,B->C->E,1900-01-01 16:25:00,0.7955201045620299
781,A->C->E,1900-01-01 08:03:00,6.280290791018359
782,B->C->E,1900-01-01 07:01:00,3.2554383199594668
783,B->C->E,1900-01-01 07:31:00,0.9048374807235575
784,A->C->D,1900-01-01 11:35:00,3.4822070896063906
785,B->C->E,1900-01-01 16:39:00,0.04294481029607766
786,B->C->D,1900-01-01 12:17:00,5.513562097934482
787,B->C->E,1900-01-01 10:02:00,0.25361385567410366
788,A->C->E,1900-01-01 07:31:00,2.2227621301836393
789,A->C->E,1900-01-01 16:05:00,4.853183755158597
790,A->C->D,1900-01-01 13:45:00,14.335311792547401
791,B->C->E,1900-01-01 08:21:00,0.2149989511667627
792,B->C->E,1900-01-01 11:29:00,2.136055872881144
793,B->C->D,1900-01-01 10:25:00,9.88545217257419
794,A->C->E,1900-01-01 14:11:00,3.9418703906176944
795,B->C->E,1900-01-01 15:20:00,1.7422832309431868
796,A->C->D,1900-01-01 09:57:00,6.624639307739301
797,A->C->D,1900-01-01 09:58:00,1.4030292611502517
798,B->C->E,1900-01-01 10:51:00,0.8777607965834875
799,A->C->D,1900-01-01 15:17:00,2.004000961764561
800,A->C->E,1900-01-01 09:36:00,2.552516538430723
801,A->C->E,1900-01-01 14:40:00,5.994005739499158
802,B->C->E,1900-01-01 14:50:00,2.092884070179096
803,B->C->D,1900-01-01 08:07:00,3.364005253951774
804,A->C->E,1900-01-01 14:37:00,1.0113875724540833
805,A->C->D,1900-01-01 15:32:00,6.98314910692558
806,A->C->E,1900-01-01 13:12:00,2.1641980777963283
807,A->C->E,1900-01-01 10:24:00,3.533776452821371
808,A->C->E,1900-01-01 13:47:00,3.8987238949916474
809,A->C->D,1900-01-01 15:51:00,9.002218349929947
810,B->C->E,1900-01-01 14:28:00,0.839043222098951
811,A->C->E,1900-01-01 13:31:00,1.8699595645742875
812,A->C->E,1900-01-01 08:54:00,2.371977094223709
813,B->C->E,1900-01-01 09:54:00,0.16130809273587943
814,A->C->D,1900-01-01 11:14:00,4.95706551580416
815,B->C->D,1900-01-01 07:31:00,0.012523555213505233
816,A->C->D,1900-01-01 13:47:00,5.741853568946226
817,B->C->E,1900-01-01 08:21:00,1.2149989511667627
818,A->C->E,1900-01-01 07:57:00,0.7304958328881526
819,B->C->D,1900-01-01 12:36:00,0.7684862932237451
820,B->C->D,1900-01-01 12:39:00,2.584338261452956
821,B->C->D,1900-01-01 07:19:00,3.8191296620524326
822,A->C->D,1900-01-01 08:07:00,0.8672215127036793
823,A->C->E,1900-01-01 16:01:00,4.139625162237067
824,B->C->E,1900-01-01 15:48:00,0.9346465987730426
825,B->C->E,1900-01-01 11:25:00,1.8177912456497296
826,A->C->E,1900-01-01 11:54:00,3.304424188580967
827,B->C->E,1900-01-01 13:58:00,0.8103559386651398
828,B->C->E,1900-01-01 09:36:00,0.04637987387513931
829,B->C->E,1900-01-01 13:31:00,2.8781121114183605
830,A->C->D,1900-01-01 10:01:00,0.7455802815673422
831,A->C->D,1900-01-01 15:53:00,1.488799531219911
832,B->C->D,1900-01-01 08:20:00,2.0863083022876197
833,A->C->E,1900-01-01 11:25:00,0.35655953746243085
834,A->C->E,1900-01-01 16:16:00,9.166591722003332
835,B->C->D,1900-01-01 08:23:00,0.7527053748290768
836,A->C->E,1900-01-01 10:40:00,9.437459216761269
837,B->C->D,1900-01-01 15:35:00,3.7917969872618613
838,B->C->D,1900-01-01 16:40:00,3.899802980490449
839,A->C->D,1900-01-01 09:07:00,4.070921647599235
840,A->C->E,1900-01-01 16:18:00,2.8298127366944925
841,B->C->E,1900-01-01 16:41:00,2.0198683695615216
842,A->C->D,1900-01-01 07:03:00,2.4323639399982255
843,B->C->E,1900-01-01 10:00:00,1.2305374149395476
844,A->C->D,1900-01-01 09:17:00,1.6809284716782003
845,B->C->D,1900-01-01 15:07:00,3.4782334338484873
846,B->C->D,1900-01-01 10:09:00,3.1878512936103647
847,A->C->E,1900-01-01 10:43:00,1.567934095191987
848,B->C->D,1900-01-01 11:05:00,5.658248913050045
849,A->C->E,1900-01-01 10:09:00,8.506809893055092
850,A->C->D,1900-01-01 11:35:00,0.5177929103936094
851,B->C->E,1900-01-01 16:34:00,1.1006359121324323
852,A->C->D,1900-01-01 15:40:00,3.8662912528661053
853,B->C->E,1900-01-01 16:17:00,5.296785658376166
854,B->C->E,1900-01-01 08:21:00,3.2149989511667627
855,A->C->E,1900-01-01 08:21:00,7.687349337262106
856,B->C->D,1900-01-01 08:22:00,5.4727131949787235
857,A->C->D,1900-01-01 08:36:00,0.20946156707310593
858,B->C->E,1900-01-01 16:27:00,2.8185965452966
859,B->C->E,1900-01-01 11:42:00,6.013940991893477
860,B->C->E,1900-01-01 07:50:00,0.12406366770184718
861,B->C->E,1900-01-01 12:50:00,2.8982074733858383
862,A->C->E,1900-01-01 16:33:00,3.802846176928213
863,B->C->E,1900-01-01 16:48:00,4.93910082699054
864,A->C->D,1900-01-01 11:52:00,1.9623388424025165
865,A->C->E,1900-01-01 08:37:00,6.658585006844746
866,B->C->E,1900-01-01 08:56:00,1.1888387616879754
867,A->C->D,1900-01-01 13:45:00,13.335311792547401
868,B->C->D,1900-01-01 07:21:00,3.3593082358058552
869,A->C->D,1900-01-01 14:07:00,2.904507091140289
870,A->C->D,1900-01-01 16:07:00,5.025498407189573
871,A->C->D,1900-01-01 12:01:00,6.081119307463808
872,B->C->E,1900-01-01 11:48:00,0.916829685902897
873,A->C->D,1900-01-01 14:48:00,3.726144175692454
874,A->C->D,1900-01-01 12:08:00,2.9945694271346213
875,B->C->E,1900-01-01 13:29:00,2.8550356706837903
876,B->C->E,1900-01-01 14:32:00,6.885196103568077
877,A->C->E,1900-01-01 09:20:00,1.5812808688480828
878,B->C->E,1900-01-01 10:19:00,4.753016151663587
879,A->C->D,1900-01-01 13:23:00,2.2594414297225285
880,B->C->D,1900-01-01 15:49:00,2.5316370660546568
881,B->C->E,1900-01-01 16:06:00,1.7269586321620096
882,A->C->E,1900-01-01 07:52:00,1.7394846861435695
883,B->C->E,1900-01-01 13:09:00,1.3210187135924798
884,A->C->D,1900-01-01 09:29:00,2.734329480901863
885,A->C->E,1900-01-01 16:29:00,3.1899627404674504
886,A->C->D,1900-01-01 15:11:00,2.3933283020231357
887,A->C->E,1900-01-01 08:41:00,6.348606075759605
888,A->C->D,1900-01-01 11:09:00,8.46122347920587
889,A->C->E,1900-01-01 13:58:00,6.08150062784641
890,A->C->D,1900-01-01 16:39:00,1.3502752432228817
891,A->C->E,1900-01-01 16:02:00,0.8585770671118524
892,B->C->E,1900-01-01 10:07:00,0.6886950424894707
893,B->C->E,1900-01-01 11:38:00,1.0322118895756631
894,A->C->D,1900-01-01 10:40:00,1.638407308545979
895,B->C->D,1900-01-01 16:32:00,2.622235432638206
896,A->C->E,1900-01-01 09:43:00,2.5399321438731164
897,A->C->D,1900-01-01 10:59:00,0.3218087760856463
898,A->C->E,1900-01-01 07:16:00,0.80420442958264
899,B->C->D,1900-01-01 15:04:00,0.23959113725572934
900,B->C->E,1900-01-01 15:59:00,2.1922738252670797
901,B->C->D,1900-01-01 14:42:00,3.5686375459012822
902,A->C->E,1900-01-01 16:35:00,9.799250635626038
903,A->C->E,1900-01-01 11:56:00,1.6991713527212085
904,B->C->D,1900-01-01 16:56:00,7.793268857044751
905,B->C->D,1900-01-01 13:20:00,3.680916146483682
906,A->C->D,1900-01-01 10:53:00,5.5460776518460335
907,A->C->E,1900-01-01 09:56:00,1.5165611254090123
908,B->C->D,1900-01-01 09:18:00,3.8936509458416992
909,A->C->E,1900-01-01 12:42:00,0.7818688026711129
910,A->C->D,1900-01-01 15:43:00,10.079088263417148
911,B->C->E,1900-01-01 13:39:00,0.9704178743565564
912,B->C->E,1900-01-01 16:28:00,0.8301347656638711
913,A->C->E,1900-01-01 15:27:00,4.078500960100172
914,B->C->E,1900-01-01 09:09:00,1.3388356264626111
915,B->C->E,1900-01-01 10:38:00,0.027757661358108976
916,A->C->D,1900-01-01 08:30:00,0.8154194996918562
917,B->C->D,1900-01-01 16:17:00,4.355546332095486
918,A->C->D,1900-01-01 08:44:00,3.062468519903277
919,B->C->E,1900-01-01 12:34:00,4.082818999262287
920,A->C->D,1900-01-01 09:21:00,4.290510709695155
921,B->C->E,1900-01-01 14:54:00,4.860963048351778
922,A->C->E,1900-01-01 12:02:00,6.709957976627706
923,B->C->D,1900-01-01 16:49:00,1.6604055651341696
924,A->C->E,1900-01-01 11:17:00,2.629058297328882
925,B->C->E,1900-01-01 09:02:00,6.258068083891658
926,A->C->D,1900-01-01 11:44:00,4.853078744878303
927,B->C->E,1900-01-01 09:56:00,0.1843845334704497
928,B->C->E,1900-01-01 14:03:00,4.247335163171272
929,B->C->E,1900-01-01 09:51:00,3.1266934316340382
930,B->C->E,1900-01-01 13:16:00,1.294961194090888
931,B->C->D,1900-01-01 09:24:00,1.2768407917069453
932,A->C->E,1900-01-01 15:36:00,2.9053191040400606
933,A->C->E,1900-01-01 09:31:00,0.5615053916861399
934,A->C->D,1900-01-01 13:06:00,1.6593536820531938
935,B->C->E,1900-01-01 10:48:00,3.9123754576853287
936,B->C->E,1900-01-01 13:35:00,4.92426499288743
937,B->C->E,1900-01-01 13:39:00,5.970417874356556
938,B->C->D,1900-01-01 07:33:00,0.5006611016642069
939,A->C->D,1900-01-01 14:41:00,8.450145525395286
940,A->C->D,1900-01-01 07:24:00,1.1746713101343147
941,A->C->D,1900-01-01 11:16:00,5.1413517895295655
942,B->C->D,1900-01-01 13:52:00,11.922435842961718
943,A->C->E,1900-01-01 09:54:00,7.479843333288812
944,B->C->D,1900-01-01 12:47:00,4.993215197776209
945,A->C->D,1900-01-01 08:31:00,7.451798817977306
946,A->C->D,1900-01-01 09:58:00,7.403029261150252
947,A->C->D,1900-01-01 15:36:00,7.921827108236926
948,B->C->E,1900-01-01 16:40:00,0.9685934100712075
949,A->C->D,1900-01-01 13:23:00,6.7405585702774715
950,B->C->E,1900-01-01 08:42:00,0.0273036765460688
951,B->C->E,1900-01-01 07:12:00,2.382358743999532
952,A->C->D,1900-01-01 14:21:00,11.414309732573727
953,B->C->E,1900-01-01 07:48:00,2.8990127730326947
954,B->C->E,1900-01-01 14:00:00,1.2127205020694305
955,B->C->E,1900-01-01 16:26:00,5.192941675070685
956,B->C->D,1900-01-01 09:47:00,2.3440513128342104
957,A->C->D,1900-01-01 07:16:00,2.8692140669402875
958,B->C->D,1900-01-01 15:33:00,0.2643337990481456
959,A->C->D,1900-01-01 07:26:00,1.7381038796106338
960,A->C->D,1900-01-01 12:52:00,2.9161729919509582
961,B->C->E,1900-01-01 16:18:00,0.2852474380089518
962,A->C->D,1900-01-01 15:53:00,4.488799531219911
963,A->C->D,1900-01-01 10:43:00,3.8945320312745366
964,A->C->E,1900-01-01 08:34:00,2.6639783187980015
965,A->C->E,1900-01-01 13:18:00,8.153411453889817
966,B->C->D,1900-01-01 09:55:00,7.402114950794271
967,A->C->E,1900-01-01 13:19:00,0.15161368323873603
968,B->C->D,1900-01-01 14:07:00,1.85123497000086
969,B->C->D,1900-01-01 12:40:00,0.48100242283727823
970,B->C->E,1900-01-01 13:38:00,1.0411203460107288
971,B->C->D,1900-01-01 07:56:00,8.39565706437611
972,B->C->E,1900-01-01 07:06:00,1.3131294217958498
973,A->C->D,1900-01-01 08:10:00,11.908351444842069
974,A->C->D,1900-01-01 16:56:00,10.71319882199424
975,A->C->D,1900-01-01 15:59:00,9.96456929077874
976,B->C->D,1900-01-01 09:14:00,1.9398671754331787
977,A->C->E,1900-01-01 08:14:00,0.6999337318196979
978,B->C->D,1900-01-01 08:36:00,1.5862483135217786
979,A->C->D,1900-01-01 08:32:00,0.7192165484340478
980,B->C->E,1900-01-01 14:53:00,3.8725012687190485
981,B->C->D,1900-01-01 13:27:00,4.69593081603891
982,B->C->D,1900-01-01 14:12:00,8.882871321129244
983,B->C->E,1900-01-01 09:34:00,1.9305436853902904
984,A->C->E,1900-01-01 16:36:00,6.797452864974957
985,B->C->E,1900-01-01 09:59:00,1.2189991945722625
986,B->C->D,1900-01-01 14:02:00,3.846103307419554
987,A->C->D,1900-01-01 10:27:00,8.562466640127312
988,B->C->E,1900-01-01 14:07:00,0.7065119553596588
989,A->C->E,1900-01-01 15:35:00,2.9071168746911553
990,B->C->E,1900-01-01 14:51:00,0.10442229054638119
991,B->C->D,1900-01-01 16:09:00,3.0845934209691848
992,A->C->E,1900-01-01 08:38:00,2.343212763806349
993,B->C->E,1900-01-01 12:29:00,0.14051010109869821
994,A->C->E,1900-01-01 16:46:00,7.220524841535891
995,A->C->E,1900-01-01 13:41:00,2.1120627289148644
996,A->C->D,1900-01-01 12:11:00,7.925295525364476
997,B->C->D,1900-01-01 15:52:00,3.846499127022753
998,B->C->D,1900-01-01 12:45:00,1.1628622992184887
999,A->C->D,1900-01-01 07:30:00,6.149769775907885
1000,A->C->E,1900-01-01 11:32:00,5.3439751429048385
1001,A->C->E,1900-01-01 10:45:00,0.5715296364941622
1002,A->C->D,1900-01-01 14:29:00,0.3926120996519984
1003,B->C->D,1900-01-01 14:33:00,8.507420078077743
1004,B->C->E,1900-01-01 14:59:00,2.196728053484577
1005,A->C->E,1900-01-01 10:38:00,4.558945241936556
1006,B->C->E,1900-01-01 09:49:00,2.8963830091005036
1007,A->C->E,1900-01-01 12:43:00,2.2163334266777923
1008,B->C->D,1900-01-01 15:41:00,2.3833381937286333
1009,A->C->E,1900-01-01 10:12:00,0.4877967949916524
1010,A->C->D,1900-01-01 15:46:00,0.7037963503846072
1011,A->C->D,1900-01-01 09:53:00,0.4769980634261515
1012,A->C->E,1900-01-01 09:24:00,2.4259102137562536
1013,A->C->E,1900-01-01 10:31:00,4.453639152621037
1014,A->C->D,1900-01-01 13:50:00,4.362068948908856
1015,B->C->E,1900-01-01 12:42:00,0.00948676367590906
1016,A->C->E,1900-01-01 11:04:00,4.605687278864778
1017,B->C->E,1900-01-01 13:09:00,1.3210187135924798
1018,B->C->D,1900-01-01 08:39:00,1.2619188362293698
1019,A->C->E,1900-01-01 16:12:00,0.15940063939899574
1020,A->C->D,1900-01-01 14:29:00,7.392612099651998
1021,B->C->D,1900-01-01 09:04:00,1.2982920830094997
1022,A->C->E,1900-01-01 16:39:00,4.792059553021701
1023,B->C->D,1900-01-01 10:38:00,7.4557130153337425
1024,A->C->E,1900-01-01 08:24:00,4.68195602530885
1025,A->C->E,1900-01-01 16:46:00,5.779475158464109
1026,A->C->D,1900-01-01 15:44:00,5.182375461247389
1027,A->C->E,1900-01-01 15:24:00,2.073107648146916
1028,B->C->E,1900-01-01 10:23:00,1.7991690331327135
1029,A->C->D,1900-01-01 11:18:00,8.31753711147367
1030,A->C->D,1900-01-01 13:54:00,6.207882520574586
